{
  "Camera": {
    "Position": {
      "x": 0.13013644516468049,
      "y": -0.5484089255332947,
      "z": 12.883424758911133
    },
    "Target": {
      "x": 0.0018431544303894044,
      "y": 0.17430245876312257,
      "z": 6.761218547821045
    },
    "Up": {
      "x": 0.0,
      "y": 1.0,
      "z": 0.0
    }
  },
  "Actors": {
    "size": 10,
    "Actor0": {
      "Position": {
        "x": 0.0000016394897102145479,
        "y": 4.159022808074951,
        "z": 0.000002690455175979878
      },
      "Rotation": {
        "x": 0.00004405213985592127,
        "y": -32.714290618896487,
        "z": -0.00004639402322936803
      },
      "Scale": {
        "x": 1.0,
        "y": 1.0,
        "z": 1.0
      }
    },
    "Actor1": {
      "Position": {
        "x": -5.8188934326171879,
        "y": 0.0,
        "z": 0.0
      },
      "Rotation": {
        "x": 0.0,
        "y": -0.0,
        "z": 0.0
      },
      "Scale": {
        "x": 1.0,
        "y": 1.0,
        "z": 1.0
      }
    },
    "Actor2": {
      "Position": {
        "x": -9.042157173156739,
        "y": 3.510999917984009,
        "z": -1.3229999542236329
      },
      "Rotation": {
        "x": 0.0,
        "y": -0.0,
        "z": 0.0
      },
      "Scale": {
        "x": 0.0010000000474974514,
        "y": 0.0010000000474974514,
        "z": 0.0010000000474974514
      }
    },
    "Actor3": {
      "Position": {
        "x": 1.6454390287399293,
        "y": 0.0,
        "z": 0.0
      },
      "Rotation": {
        "x": 0.0,
        "y": -0.0,
        "z": 0.0
      },
      "Scale": {
        "x": 1.0,
        "y": 1.0,
        "z": 1.0
      }
    },
    "Actor4": {
      "Position": {
        "x": 0.0,
        "y": 2.7713472843170168,
        "z": 0.0
      },
      "Rotation": {
        "x": 0.0,
        "y": -0.0,
        "z": 0.0
      },
      "Scale": {
        "x": 1.0,
        "y": 1.0,
        "z": 1.0
      }
    },
    "Actor5": {
      "Position": {
        "x": 4.8909382820129398,
        "y": 0.0,
        "z": 0.0
      },
      "Rotation": {
        "x": 0.0,
        "y": -0.0,
        "z": 0.0
      },
      "Scale": {
        "x": 1.0,
        "y": 1.0,
        "z": 1.0
      }
    },
    "Actor6": {
      "Position": {
        "x": -3.5708160400390627,
        "y": 0.0,
        "z": 0.0
      },
      "Rotation": {
        "x": 0.0,
        "y": -0.0,
        "z": 0.0
      },
      "Scale": {
        "x": 1.0,
        "y": 1.0,
        "z": 1.0
      }
    },
    "Actor7": {
      "Position": {
        "x": 3.7547149658203127,
        "y": 2.749091148376465,
        "z": 0.0
      },
      "Rotation": {
        "x": 0.0,
        "y": -0.0,
        "z": 0.0
      },
      "Scale": {
        "x": 1.0,
        "y": 1.0,
        "z": 1.0
      }
    },
    "Actor8": {
      "Position": {
        "x": -4.4231719970703129,
        "y": 3.3025825023651125,
        "z": 0.0
      },
      "Rotation": {
        "x": 0.0,
        "y": -0.0,
        "z": 0.0
      },
      "Scale": {
        "x": 1.0,
        "y": 1.0,
        "z": 1.0
      }
    },
    "Actor9": {
      "Position": {
        "x": -5.36346435546875,
        "y": 0.0,
        "z": 0.0
      },
      "Rotation": {
        "x": 0.0,
        "y": -0.0,
        "z": 0.0
      },
      "Scale": {
        "x": 1.0,
        "y": 1.0,
        "z": 1.0
      }
    }
  }
}