{
  "Camera": {
    "cpx": 0.0,
    "cpy": -10.0,
    "cpz": 10.0,
    "ctx": 0.0,
    "cty": 0.0,
    "ctz": 0.0,
    "cux": 0.0,
    "cuy": 0.0,
    "cuz": 1.0
  },
  "Actors": {
    "Actor0": {
      "px": 4.786201477050781,
      "py": 0.0,
      "pz": 0.0,
      "rx": -179.99989318847657,
      "ry": 43.774173736572269,
      "rz": -179.99989318847657,
      "sx": 0.999999463558197,
      "sy": 1.0,
      "sz": 0.9999994039535523
    },
    "Actor1": {
      "px": -3.2458033561706545,
      "py": 0.0,
      "pz": 0.0,
      "rx": 0.0,
      "ry": -0.0,
      "rz": 0.0,
      "sx": 1.0,
      "sy": 1.0,
      "sz": 1.0
    },
    "Actor2": {
      "px": 3.438323974609375,
      "py": 0.0,
      "pz": 0.0,
      "rx": 0.0,
      "ry": -0.0,
      "rz": 0.0,
      "sx": 1.0,
      "sy": 1.0,
      "sz": 1.0
    }
  }
}