{
  "Camera": {
    "cpx": 0.0,
    "cpy": -10.0,
    "cpz": 10.0,
    "ctx": 0.0,
    "cty": 0.0,
    "ctz": 0.0,
    "cux": 0.0,
    "cuy": 0.0,
    "cuz": 1.0
  },
  "Actors": {
    "Actor0": {
      "px": 0.0,
      "py": 0.0,
      "pz": 0.0,
      "rx": 0.0,
      "ry": -0.0,
      "rz": 0.0,
      "sx": 1.0,
      "sy": 1.0,
      "sz": 1.0
    },
    "Actor1": {
      "px": 7.0,
      "py": 0.0,
      "pz": 0.0,
      "rx": 0.0,
      "ry": -0.0,
      "rz": 0.0,
      "sx": 1.0,
      "sy": 1.0,
      "sz": 1.0
    },
    "Actor2": {
      "px": -11.0,
      "py": 0.0,
      "pz": 0.0,
      "rx": -21.999996185302736,
      "ry": -0.0,
      "rz": 0.0,
      "sx": 1.0,
      "sy": 11.99899959564209,
      "sz": 0.9999995827674866
    }
  }
}