{"Camera":{"cpx":2.112302303314209,"cpy":-14.145559310913086,"cpz":16.518861770629884,"ctx":-0.488378643989563,"cty":0.738410234451294,"ctz":0.38419976830482485,"cux":0.0,"cuy":0.0,"cuz":1.0},"Actors":{"Actor0":{"px":-6.055351257324219,"py":1.743255376815796,"pz":-0.320387601852417,"rx":0.0,"ry":-70.19213104248047,"rz":0.0,"sx":2.2285373210906984,"sy":1.3248236179351807,"sz":1.127994418144226},"Actor1":{"px":6.064727783203125,"py":0.0,"pz":0.0,"rx":-179.99989318847657,"ry":-41.9943962097168,"rz":-179.99989318847657,"sx":0.9999991655349731,"sy":1.0,"sz":0.9999991655349731},"Actor2":{"px":-10.261662483215332,"py":0.0,"pz":0.0,"rx":-21.999996185302736,"ry":-0.0,"rz":0.0,"sx":1.0,"sy":11.99899959564209,"sz":0.9999995827674866},"Actor3":{"px":-3.245795726776123,"py":0.0,"pz":0.0,"rx":0.0,"ry":-0.0,"rz":0.0,"sx":1.0,"sy":1.0,"sz":1.0},"Actor4":{"px":0.0,"py":8.8853759765625,"pz":0.0,"rx":0.0,"ry":-0.0,"rz":0.0,"sx":1.0,"sy":1.0,"sz":1.0},"Actor5":{"px":5.611366271972656,"py":7.966270446777344,"pz":0.0,"rx":0.0,"ry":-0.0,"rz":0.0,"sx":1.0,"sy":1.0,"sz":1.0},"Actor6":{"px":2.9706954956054689,"py":0.0,"pz":0.0,"rx":0.0,"ry":-0.0,"rz":0.0,"sx":1.0,"sy":1.0,"sz":1.0}}}