{
  "Camera": {
    "Position": {
      "x": 0.21987877786159516,
      "y": -0.6933059692382813,
      "z": 6.052803039550781
    },
    "Target": {
      "x": 0.8899999856948853,
      "y": -0.9540001153945923,
      "z": 0.0
    },
    "Up": {
      "x": 0.0,
      "y": 1.0,
      "z": 0.0
    }
  },
  "Actors": [
    {
      "Name": "Player",
      "Script": "default.lua",
      "Position": {
        "x": 0.0689999982714653,
        "y": 0.0,
        "z": 0.0
      },
      "Rotation": {
        "x": -0.000027555359338293785,
        "y": 43.159725189208987,
        "z": -0.00004332643948146142
      },
      "Scale": {
        "x": 0.9999998807907105,
        "y": 1.0,
        "z": 0.9999998807907105
      },
      "Components": [
        "move\u0000d",
        "move"
      ]
    }
  ]
}