{"Camera":{"Position":{"x":0.0,"y":-1.0,"z":10.0},"Target":{"x":0.0,"y":1.0,"z":0.0},"Up":{"x":0.0,"y":1.0,"z":0.0}},"Actors":{"size":1,"Actor0":{"Position":{"x":0.0000016394897102145479,"y":4.159022808074951,"z":0.000002690455175979878},"Rotation":{"x":0.00004405213985592127,"y":-32.714290618896487,"z":-0.00004639402322936803},"Scale":{"x":1.0,"y":1.0,"z":1.0}}}}